<?xml version="1.0" encoding="UTF-8" standalone="no"?>
<raConfiguration version="4">
  <generalSettings>
    <option key="#Board#" value="board.ra4m1ek"/>
    <option key="CPU" value="RA4M1"/>
    <option key="#TargetName#" value="R7FA4M1AB3CFP"/>
    <option key="#TargetARCHITECTURE#" value="cortex-m4"/>
    <option key="#RTOS#" value="Express Logic ThreadX"/>
    <option key="#pinconfiguration#" value="R7FA4M1AB3CFP.pincfg"/>
    <option key="#FSPVersion#" value="0.8.0"/>
    <option key="#DefaultLinkerScript#" value="ra4m1.ld"/>
    <option key="#ConfigurationFragments#" value="Renesas##BSP##Board##ra4m1_ek##"/>
    <option key="#SELECTED_TOOLCHAIN#" value="gcc-arm-embedded"/>
  </generalSettings>
  <raBspConfiguration>
    <config id="config.bsp.ra4m1.R7FA4M1AB3CFP">
      <property id="config.bsp.part_number" value="config.bsp.part_number.value"/>
      <property id="config.bsp.rom_size_bytes" value="config.bsp.rom_size_bytes.value"/>
      <property id="config.bsp.ram_size_bytes" value="config.bsp.ram_size_bytes.value"/>
      <property id="config.bsp.data_flash_size_bytes" value="config.bsp.data_flash_size_bytes.value"/>
      <property id="config.bsp.package_style" value="config.bsp.package_style.value"/>
      <property id="config.bsp.package_pins" value="config.bsp.package_pins.value"/>
    </config>
    <config id="config.bsp.ra4m1">
      <property id="config.bsp.series" value="config.bsp.series.value"/>
    </config>
    <config id="config.bsp.ra4m1.fsp">
      <property id="config.bsp.fsp.OFS0.iwdt_start_mode" value="config.bsp.fsp.OFS0.iwdt_start_mode.disabled"/>
      <property id="config.bsp.fsp.OFS0.iwdt_timeout" value="config.bsp.fsp.OFS0.iwdt_timeout.2048"/>
      <property id="config.bsp.fsp.OFS0.iwdt_divisor" value="config.bsp.fsp.OFS0.iwdt_divisor.128"/>
      <property id="config.bsp.fsp.OFS0.iwdt_window_end" value="config.bsp.fsp.OFS0.iwdt_window_end.0"/>
      <property id="config.bsp.fsp.OFS0.iwdt_window_start" value="config.bsp.fsp.OFS0.iwdt_window_start.100"/>
      <property id="config.bsp.fsp.OFS0.iwdt_reset_interrupt" value="config.bsp.fsp.OFS0.iwdt_reset_interrupt.Reset"/>
      <property id="config.bsp.fsp.OFS0.iwdt_stop_control" value="config.bsp.fsp.OFS0.iwdt_stop_control.stops"/>
      <property id="config.bsp.fsp.OFS0.wdt_start_mode" value="config.bsp.fsp.OFS0.wdt_start_mode.register"/>
      <property id="config.bsp.fsp.OFS0.wdt_timeout" value="config.bsp.fsp.OFS0.wdt_timeout.16384"/>
      <property id="config.bsp.fsp.OFS0.wdt_divisor" value="config.bsp.fsp.OFS0.wdt_divisor.128"/>
      <property id="config.bsp.fsp.OFS0.wdt_window_end" value="config.bsp.fsp.OFS0.wdt_window_end.0"/>
      <property id="config.bsp.fsp.OFS0.wdt_window_start" value="config.bsp.fsp.OFS0.wdt_window_start.100"/>
      <property id="config.bsp.fsp.OFS0.wdt_reset_interrupt" value="config.bsp.fsp.OFS0.wdt_reset_interrupt.Reset"/>
      <property id="config.bsp.fsp.OFS0.wdt_stop_control" value="config.bsp.fsp.OFS0.wdt_stop_control.stops"/>
      <property id="config.bsp.fsp.OFS1.voltage_detection0.start" value="config.bsp.fsp.OFS1.voltage_detection0.start.disabled"/>
      <property id="config.bsp.fsp.OFS1.voltage_detection0_level" value="config.bsp.fsp.OFS1.voltage_detection0_level.190"/>
      <property id="config.bsp.fsp.OFS1.hoco_osc" value="config.bsp.fsp.OFS1.hoco_osc.enabled"/>
      <property id="config.bsp.low_voltage_mode" value="config.bsp.low_voltage_mode.disabled"/>
      <property id="config.bsp.fsp.mpu_pc0_enable" value="config.bsp.fsp.mpu_pc0_enable.disabled"/>
      <property id="config.bsp.fsp.mpu_pc0_start" value="0x00FFFFFC"/>
      <property id="config.bsp.fsp.mpu_pc0_end" value="0x00FFFFFF"/>
      <property id="config.bsp.fsp.mpu_pc1_enable" value="config.bsp.fsp.mpu_pc1_enable.disabled"/>
      <property id="config.bsp.fsp.mpu_pc1_start" value="0x00FFFFFC"/>
      <property id="config.bsp.fsp.mpu_pc1_end" value="0x00FFFFFF"/>
      <property id="config.bsp.fsp.mpu_reg0_enable" value="config.bsp.fsp.mpu_reg0_enable.disabled"/>
      <property id="config.bsp.fsp.mpu_reg0_start" value="0x00FFFFFC"/>
      <property id="config.bsp.fsp.mpu_reg0_end" value="0x00FFFFFF"/>
      <property id="config.bsp.fsp.mpu_reg1_enable" value="config.bsp.fsp.mpu_reg1_enable.disabled"/>
      <property id="config.bsp.fsp.mpu_reg1_start" value="0x200FFFFC"/>
      <property id="config.bsp.fsp.mpu_reg1_end" value="0x200FFFFF"/>
      <property id="config.bsp.fsp.mpu_reg2_enable" value="config.bsp.fsp.mpu_reg2_enable.disabled"/>
      <property id="config.bsp.fsp.mpu_reg2_start" value="0x407FFFFC"/>
      <property id="config.bsp.fsp.mpu_reg2_end" value="0x407FFFFF"/>
      <property id="config.bsp.fsp.mpu_reg3_enable" value="config.bsp.fsp.mpu_reg3_enable.disabled"/>
      <property id="config.bsp.fsp.mpu_reg3_start" value="0x400DFFFC"/>
      <property id="config.bsp.fsp.mpu_reg3_end" value="0x400DFFFF"/>
      <property id="config.bsp.fsp.mcu.adc.max_freq_hz" value="64000000"/>
    </config>
    <config id="config.bsp.ra">
      <property id="config.bsp.common.main" value="0x400"/>
      <property id="config.bsp.common.heap" value="0x400"/>
      <property id="config.bsp.common.vcc" value="3300"/>
      <property id="config.bsp.common.checking" value="config.bsp.common.checking.enabled"/>
      <property id="config.bsp.common.assert" value="config.bsp.common.assert.none"/>
      <property id="config.bsp.common.error_log" value="config.bsp.common.error_log.none"/>
      <property id="config.bsp.common.id_mode" value="config.bsp.common.id_mode.unlocked"/>
      <property id="config.bsp.common.id_code" value="FFFFFFFFFFFFFFFFFFFFFFFFFFFFFFFF"/>
      <property id="config.bsp.common.soft_reset" value="config.bsp.common.soft_reset.disabled"/>
      <property id="config.bsp.common.pfs_protect" value="config.bsp.common.pfs_protect.enabled"/>
      <property id="config.bsp.common.main_osc_wait" value="config.bsp.common.main_osc_wait.wait_8163"/>
      <property id="config.bsp.common.main_osc_clock_source" value="config.bsp.common.main_osc_clock_source.crystal"/>
      <property id="config.bsp.common.subclock_populated" value="config.bsp.common.subclock_populated.enabled"/>
      <property id="config.bsp.common.subclock_drive" value="config.bsp.common.subclock_drive.standard"/>
      <property id="config.bsp.common.subclock_stabilization_ms" value="1000"/>
      <property id="config.bsp.common.id1" value=""/>
      <property id="config.bsp.common.id2" value=""/>
      <property id="config.bsp.common.id3" value=""/>
      <property id="config.bsp.common.id4" value=""/>
      <property id="config.bsp.common.id_fixed" value=""/>
    </config>
  </raBspConfiguration>
  <raClockConfiguration>
    <node id="board.clock.xtal.freq" mul="12000000" option="_edit"/>
    <node id="board.clock.pll.source" option="board.clock.pll.source.xtal"/>
    <node id="board.clock.hoco.freq" option="board.clock.hoco.freq.24m"/>
    <node id="board.clock.loco.freq" option="board.clock.loco.freq.32768"/>
    <node id="board.clock.moco.freq" option="board.clock.moco.freq.8m"/>
    <node id="board.clock.subclk.freq" option="board.clock.subclk.freq.32768"/>
    <node id="board.clock.pll.div" option="board.clock.pll.div.2"/>
    <node id="board.clock.pll.mul" option="board.clock.pll.mul.8"/>
    <node id="board.clock.pll.display" option="board.clock.pll.display.value"/>
    <node id="board.clock.clock.source" option="board.clock.clock.source.pll"/>
    <node id="board.clock.iclk.div" option="board.clock.iclk.div.1"/>
    <node id="board.clock.iclk.display" option="board.clock.iclk.display.value"/>
    <node id="board.clock.pclka.div" option="board.clock.pclka.div.1"/>
    <node id="board.clock.pclka.display" option="board.clock.pclka.display.value"/>
    <node id="board.clock.pclkb.div" option="board.clock.pclkb.div.2"/>
    <node id="board.clock.pclkb.display" option="board.clock.pclkb.display.value"/>
    <node id="board.clock.pclkc.div" option="board.clock.pclkc.div.1"/>
    <node id="board.clock.pclkc.display" option="board.clock.pclkc.display.value"/>
    <node id="board.clock.pclkd.div" option="board.clock.pclkd.div.1"/>
    <node id="board.clock.pclkd.display" option="board.clock.pclkd.display.value"/>
    <node id="board.clock.fclk.div" option="board.clock.fclk.div.2"/>
    <node id="board.clock.fclk.display" option="board.clock.fclk.display.value"/>
    <node id="board.clock.uclk.display" option="board.clock.uclk.display.value"/>
    <node id="board.clock.clkout.source" option="board.clock.clkout.source.disabled"/>
    <node id="board.clock.clkout.div" option="board.clock.clkout.div.1"/>
    <node id="board.clock.clkout.display" option="board.clock.clkout.display.value"/>
  </raClockConfiguration>
  <raComponentSelection>
    <component apiversion="" class="CMSIS" condition="" group="CMSIS5" subgroup="CoreM" variant="" vendor="Arm" version="5.5.1">
      <description>Arm CMSIS Version 5 - Core (M)</description>
      <originalPack>Arm.CMSIS5.5.5.1.pack</originalPack>
    </component>
    <component apiversion="" class="HAL Drivers" condition="" group="all" subgroup="r_dtc" variant="" vendor="Renesas" version="0.8.0">
      <description>Data Transfer Controller</description>
      <originalPack>Renesas.RA.0.8.0.pack</originalPack>
    </component>
    <component apiversion="" class="HAL Drivers" condition="" group="all" subgroup="r_ioport" variant="" vendor="Renesas" version="0.8.0">
      <description>I/O Port</description>
      <originalPack>Renesas.RA.0.8.0.pack</originalPack>
    </component>
    <component apiversion="" class="HAL Drivers" condition="" group="all" subgroup="r_spi" variant="" vendor="Renesas" version="0.8.0">
      <description>Serial Peripheral Interface</description>
      <originalPack>Renesas.RA.0.8.0.pack</originalPack>
    </component>
    <component apiversion="" class="Common" condition="" group="all" subgroup="fsp_common" variant="" vendor="Renesas" version="0.8.0">
      <description>Board Support Package Common Files</description>
      <originalPack>Renesas.RA.0.8.0.pack</originalPack>
    </component>
    <component apiversion="" class="BSP" condition="" group="ra4m1" subgroup="device" variant="R7FA4M1AB3CFP" vendor="Renesas" version="0.8.0">
      <description>Board support package for R7FA4M1AB3CFP</description>
      <originalPack>Renesas.RA_mcu_ra4m1.0.8.0.pack</originalPack>
    </component>
    <component apiversion="" class="BSP" condition="" group="ra4m1" subgroup="device" variant="" vendor="Renesas" version="0.8.0">
      <description>Board support package for RA4M1</description>
      <originalPack>Renesas.RA_mcu_ra4m1.0.8.0.pack</originalPack>
    </component>
    <component apiversion="" class="BSP" condition="" group="ra4m1" subgroup="fsp" variant="" vendor="Renesas" version="0.8.0">
      <description>Board support package for RA4M1</description>
      <originalPack>Renesas.RA_mcu_ra4m1.0.8.0.pack</originalPack>
    </component>
    <component apiversion="" class="BSP" condition="" group="Board" subgroup="ra4m1_ek" variant="" vendor="Renesas" version="0.8.0">
      <description>RA4M1-EK Board Support Files</description>
      <originalPack>Renesas.RA_board_ra4m1_ek.0.8.0.pack</originalPack>
    </component>
  </raComponentSelection>
  <raIcuConfiguration/>
  <raModuleConfiguration>
    <module id="module.driver.ioport_on_ioport.0">
      <property id="module.driver.ioport.name" value="g_ioport"/>
      <property id="module.driver.ioport.elc_trigger_ioport1" value="_disabled"/>
      <property id="module.driver.ioport.elc_trigger_ioport2" value="_disabled"/>
      <property id="module.driver.ioport.elc_trigger_ioport3" value="_disabled"/>
      <property id="module.driver.ioport.elc_trigger_ioport4" value="_disabled"/>
    </module>
    <module id="module.driver.spi_on_spi.445716680">
      <property id="module.driver.spi.name" value="g_spi_master"/>
      <property id="module.driver.spi.channel" value="0"/>
      <property id="module.driver.spi.rxi_ipl" value="board.icu.common.irq.priority2"/>
      <property id="module.driver.spi.txi_ipl" value="board.icu.common.irq.priority2"/>
      <property id="module.driver.spi.tei_ipl" value="board.icu.common.irq.priority2"/>
      <property id="module.driver.spi.eri_ipl" value="board.icu.common.irq.priority2"/>
      <property id="module.driver.spi.operating_mode" value="module.driver.spi.operating_mode.mode_master"/>
      <property id="module.driver.spi.clk_phase" value="module.driver.spi.clk_phase.clk_phase_edge_even"/>
      <property id="module.driver.spi.clk_polarity" value="module.driver.spi.clk_polarity.clk_polarity_low"/>
      <property id="module.driver.spi.mode_fault" value="module.driver.spi.mode_fault.mode_fault_error_disable"/>
      <property id="module.driver.spi.bit_order" value="module.driver.spi.bit_order.bit_order_msb_first"/>
      <property id="module.driver.spi.p_callback" value="spi_master_callback"/>
      <property id="module.driver.spi.spi_clksyn" value="module.driver.spi.spi_clksyn.spi_clksyn"/>
      <property id="module.driver.spi.spi_comm" value="module.driver.spi.spi_comm.full_duplex"/>
      <property id="module.driver.spi.ssl_polarity" value="module.driver.spi.ssl_polarity.low"/>
      <property id="module.driver.spi.ssl_select" value="module.driver.spi.ssl_select.zero"/>
      <property id="module.driver.spi.mosi_idle_value_fixing" value="module.driver.spi.mosi_idle_value_fixing.disable"/>
      <property id="module.driver.spi.parity" value="module.driver.spi.parity_mode.disable"/>
      <property id="module.driver.spi.byte_swap" value="module.driver.spi.byte_swap.disable"/>
      <property id="module.driver.spi.bitrate" value="5860"/>
      <property id="module.driver.spi.spck_delay" value="module.driver.spi.spck_delay.one"/>
      <property id="module.driver.spi.ssl_negation_delay" value="module.driver.spi.ssl_negation_delay.one"/>
      <property id="module.driver.spi.next_access_delay" value="module.driver.spi.next_access_delay.one"/>
    </module>
    <module id="module.driver.transfer_on_dtc.1393152391">
      <property id="module.driver.transfer.name" value="g_transfer0"/>
      <property id="module.driver.transfer.mode" value="module.driver.transfer.mode.mode_normal"/>
      <property id="module.driver.transfer.size" value="module.driver.transfer.size.size_1_byte"/>
      <property id="module.driver.transfer.dest_addr_mode" value="module.driver.transfer.dest_addr_mode.addr_mode_fixed"/>
      <property id="module.driver.transfer.src_addr_mode" value="module.driver.transfer.src_addr_mode.addr_mode_fixed"/>
      <property id="module.driver.transfer.repeat_area" value="module.driver.transfer.repeat_area.repeat_area_source"/>
      <property id="module.driver.transfer.interrupt" value="module.driver.transfer.interrupt.interrupt_end"/>
      <property id="module.driver.transfer.length" value="0"/>
      <property id="module.driver.transfer.num_blocks" value="0"/>
      <property id="module.driver.transfer.activation_source" value="_disabled"/>
    </module>
    <module id="module.driver.transfer_on_dtc.626813919">
      <property id="module.driver.transfer.name" value="g_transfer1"/>
      <property id="module.driver.transfer.mode" value="module.driver.transfer.mode.mode_normal"/>
      <property id="module.driver.transfer.size" value="module.driver.transfer.size.size_1_byte"/>
      <property id="module.driver.transfer.dest_addr_mode" value="module.driver.transfer.dest_addr_mode.addr_mode_fixed"/>
      <property id="module.driver.transfer.src_addr_mode" value="module.driver.transfer.src_addr_mode.addr_mode_fixed"/>
      <property id="module.driver.transfer.repeat_area" value="module.driver.transfer.repeat_area.repeat_area_source"/>
      <property id="module.driver.transfer.interrupt" value="module.driver.transfer.interrupt.interrupt_end"/>
      <property id="module.driver.transfer.length" value="0"/>
      <property id="module.driver.transfer.num_blocks" value="0"/>
      <property id="module.driver.transfer.activation_source" value="_disabled"/>
    </module>
    <module id="module.driver.spi_on_spi.180586996">
      <property id="module.driver.spi.name" value="g_spi_slave"/>
      <property id="module.driver.spi.channel" value="1"/>
      <property id="module.driver.spi.rxi_ipl" value="board.icu.common.irq.priority2"/>
      <property id="module.driver.spi.txi_ipl" value="board.icu.common.irq.priority2"/>
      <property id="module.driver.spi.tei_ipl" value="board.icu.common.irq.priority2"/>
      <property id="module.driver.spi.eri_ipl" value="board.icu.common.irq.priority2"/>
      <property id="module.driver.spi.operating_mode" value="module.driver.spi.operating_mode.mode_slave"/>
      <property id="module.driver.spi.clk_phase" value="module.driver.spi.clk_phase.clk_phase_edge_even"/>
      <property id="module.driver.spi.clk_polarity" value="module.driver.spi.clk_polarity.clk_polarity_low"/>
      <property id="module.driver.spi.mode_fault" value="module.driver.spi.mode_fault.mode_fault_error_disable"/>
      <property id="module.driver.spi.bit_order" value="module.driver.spi.bit_order.bit_order_msb_first"/>
      <property id="module.driver.spi.p_callback" value="spi_slave_callback"/>
      <property id="module.driver.spi.spi_clksyn" value="module.driver.spi.spi_clksyn.spi_clksyn"/>
      <property id="module.driver.spi.spi_comm" value="module.driver.spi.spi_comm.full_duplex"/>
      <property id="module.driver.spi.ssl_polarity" value="module.driver.spi.ssl_polarity.low"/>
      <property id="module.driver.spi.ssl_select" value="module.driver.spi.ssl_select.zero"/>
      <property id="module.driver.spi.mosi_idle_value_fixing" value="module.driver.spi.mosi_idle_value_fixing.disable"/>
      <property id="module.driver.spi.parity" value="module.driver.spi.parity_mode.disable"/>
      <property id="module.driver.spi.byte_swap" value="module.driver.spi.byte_swap.disable"/>
      <property id="module.driver.spi.bitrate" value="5860"/>
      <property id="module.driver.spi.spck_delay" value="module.driver.spi.spck_delay.one"/>
      <property id="module.driver.spi.ssl_negation_delay" value="module.driver.spi.ssl_negation_delay.one"/>
      <property id="module.driver.spi.next_access_delay" value="module.driver.spi.next_access_delay.one"/>
    </module>
    <module id="module.driver.transfer_on_dtc.775699982">
      <property id="module.driver.transfer.name" value="g_transfer2"/>
      <property id="module.driver.transfer.mode" value="module.driver.transfer.mode.mode_normal"/>
      <property id="module.driver.transfer.size" value="module.driver.transfer.size.size_1_byte"/>
      <property id="module.driver.transfer.dest_addr_mode" value="module.driver.transfer.dest_addr_mode.addr_mode_fixed"/>
      <property id="module.driver.transfer.src_addr_mode" value="module.driver.transfer.src_addr_mode.addr_mode_fixed"/>
      <property id="module.driver.transfer.repeat_area" value="module.driver.transfer.repeat_area.repeat_area_source"/>
      <property id="module.driver.transfer.interrupt" value="module.driver.transfer.interrupt.interrupt_end"/>
      <property id="module.driver.transfer.length" value="0"/>
      <property id="module.driver.transfer.num_blocks" value="0"/>
      <property id="module.driver.transfer.activation_source" value="_disabled"/>
    </module>
    <module id="module.driver.transfer_on_dtc.1810636809">
      <property id="module.driver.transfer.name" value="g_transfer3"/>
      <property id="module.driver.transfer.mode" value="module.driver.transfer.mode.mode_normal"/>
      <property id="module.driver.transfer.size" value="module.driver.transfer.size.size_1_byte"/>
      <property id="module.driver.transfer.dest_addr_mode" value="module.driver.transfer.dest_addr_mode.addr_mode_fixed"/>
      <property id="module.driver.transfer.src_addr_mode" value="module.driver.transfer.src_addr_mode.addr_mode_fixed"/>
      <property id="module.driver.transfer.repeat_area" value="module.driver.transfer.repeat_area.repeat_area_source"/>
      <property id="module.driver.transfer.interrupt" value="module.driver.transfer.interrupt.interrupt_end"/>
      <property id="module.driver.transfer.length" value="0"/>
      <property id="module.driver.transfer.num_blocks" value="0"/>
      <property id="module.driver.transfer.activation_source" value="_disabled"/>
    </module>
    <context id="_hal.0">
      <stack module="module.driver.ioport_on_ioport.0"/>
      <stack module="module.driver.spi_on_spi.445716680">
        <stack module="module.driver.transfer_on_dtc.1393152391" requires="module.driver.spi_on_spi.requires.transfer_tx"/>
        <stack module="module.driver.transfer_on_dtc.626813919" requires="module.driver.spi_on_spi.requires.transfer_rx"/>
      </stack>
      <stack module="module.driver.spi_on_spi.180586996">
        <stack module="module.driver.transfer_on_dtc.775699982" requires="module.driver.spi_on_spi.requires.transfer_tx"/>
        <stack module="module.driver.transfer_on_dtc.1810636809" requires="module.driver.spi_on_spi.requires.transfer_rx"/>
      </stack>
    </context>
    <config id="config.driver.spi">
      <property id="config.driver.spi.param_checking_enable" value="config.driver.spi.param_checking_enable.bsp"/>
      <property id="config.driver.spi.dtc_enable" value="config.driver.spi.dtc_enable.enabled"/>
      <property id="config.driver.spi.rxi_transmit" value="config.driver.spi.rxi_transmit.disabled"/>
    </config>
    <config id="config.driver.ioport">
      <property id="config.driver.ioport.checking" value="config.driver.ioport.checking.system"/>
    </config>
    <config id="config.driver.dtc">
      <property id="config.driver.dtc.param_checking_enable" value="config.driver.dtc.param_checking_enable.bsp"/>
      <property id="config.driver.dtc.vector_table" value=".fsp_dtc_vector_table"/>
    </config>
  </raModuleConfiguration>
  <raPinConfiguration>
    <pincfg active="true" name="RA4M1-EK.pincfg" symbol="g_bsp_pin_cfg"/>
  </raPinConfiguration>
</raConfiguration>
