<?xml version="1.0" encoding="UTF-8" standalone="no"?>
<raConfiguration version="4">
  <generalSettings>
    <option key="#Board#" value="board.ra2a1_ek"/>
    <option key="CPU" value="RA2A1"/>
    <option key="#TargetName#" value="R7FA2A1AB3CFM"/>
    <option key="#TargetARCHITECTURE#" value="cortex-m23"/>
    <option key="#RTOS#" value="_none"/>
    <option key="#pinconfiguration#" value="RA2A1-EK.pincfg"/>
    <option key="#FSPVersion#" value="0.8.0"/>
    <option key="#DefaultLinkerScript#" value="ra2a1.ld"/>
    <option key="#ConfigurationFragments#" value="Renesas##BSP##Board##ra2a1_ek##"/>
    <option key="#SELECTED_TOOLCHAIN#" value="gcc-arm-embedded"/>
  </generalSettings>
  <raBspConfiguration>
    <config id="config.bsp.ra2a1.R7FA2A1AB3CFM">
      <property id="config.bsp.part_number" value="config.bsp.part_number.value"/>
      <property id="config.bsp.rom_size_bytes" value="config.bsp.rom_size_bytes.value"/>
      <property id="config.bsp.ram_size_bytes" value="config.bsp.ram_size_bytes.value"/>
      <property id="config.bsp.data_flash_size_bytes" value="config.bsp.data_flash_size_bytes.value"/>
      <property id="config.bsp.package_style" value="config.bsp.package_style.value"/>
      <property id="config.bsp.package_pins" value="config.bsp.package_pins.value"/>
    </config>
    <config id="config.bsp.ra2a1">
      <property id="config.bsp.series" value="config.bsp.series.value"/>
    </config>
    <config id="config.bsp.ra2a1.fsp">
      <property id="config.bsp.fsp.OFS0.iwdt_start_mode" value="config.bsp.fsp.OFS0.iwdt_start_mode.disabled"/>
      <property id="config.bsp.fsp.OFS0.iwdt_timeout" value="config.bsp.fsp.OFS0.iwdt_timeout.2048"/>
      <property id="config.bsp.fsp.OFS0.iwdt_divisor" value="config.bsp.fsp.OFS0.iwdt_divisor.128"/>
      <property id="config.bsp.fsp.OFS0.iwdt_window_end" value="config.bsp.fsp.OFS0.iwdt_window_end.0"/>
      <property id="config.bsp.fsp.OFS0.iwdt_window_start" value="config.bsp.fsp.OFS0.iwdt_window_start.100"/>
      <property id="config.bsp.fsp.OFS0.iwdt_reset_interrupt" value="config.bsp.fsp.OFS0.iwdt_reset_interrupt.Reset"/>
      <property id="config.bsp.fsp.OFS0.iwdt_stop_control" value="config.bsp.fsp.OFS0.iwdt_stop_control.stops"/>
      <property id="config.bsp.fsp.OFS0.wdt_start_mode" value="config.bsp.fsp.OFS0.wdt_start_mode.register"/>
      <property id="config.bsp.fsp.OFS0.wdt_timeout" value="config.bsp.fsp.OFS0.wdt_timeout.16384"/>
      <property id="config.bsp.fsp.OFS0.wdt_divisor" value="config.bsp.fsp.OFS0.wdt_divisor.128"/>
      <property id="config.bsp.fsp.OFS0.wdt_window_end" value="config.bsp.fsp.OFS0.wdt_window_end.0"/>
      <property id="config.bsp.fsp.OFS0.wdt_window_start" value="config.bsp.fsp.OFS0.wdt_window_start.100"/>
      <property id="config.bsp.fsp.OFS0.wdt_reset_interrupt" value="config.bsp.fsp.OFS0.wdt_reset_interrupt.Reset"/>
      <property id="config.bsp.fsp.OFS0.wdt_stop_control" value="config.bsp.fsp.OFS0.wdt_stop_control.stops"/>
      <property id="config.bsp.fsp.OFS1.voltage_detection0.start" value="config.bsp.fsp.OFS1.voltage_detection0.start.disabled"/>
      <property id="config.bsp.fsp.OFS1.voltage_detection0_level" value="config.bsp.fsp.OFS1.voltage_detection0_level.190"/>
      <property id="config.bsp.fsp.OFS1.hoco_osc" value="config.bsp.fsp.OFS1.hoco_osc.enabled"/>
      <property id="config.bsp.low_voltage_mode" value="config.bsp.low_voltage_mode.disabled"/>
      <property id="config.bsp.fsp.mpu_pc0_enable" value="config.bsp.fsp.mpu_pc0_enable.disabled"/>
      <property id="config.bsp.fsp.mpu_pc0_start" value="0x000FFFFC"/>
      <property id="config.bsp.fsp.mpu_pc0_end" value="0x000FFFFF"/>
      <property id="config.bsp.fsp.mpu_pc1_enable" value="config.bsp.fsp.mpu_pc1_enable.disabled"/>
      <property id="config.bsp.fsp.mpu_pc1_start" value="0x000FFFFC"/>
      <property id="config.bsp.fsp.mpu_pc1_end" value="0x000FFFFF"/>
      <property id="config.bsp.fsp.mpu_reg0_enable" value="config.bsp.fsp.mpu_reg0_enable.disabled"/>
      <property id="config.bsp.fsp.mpu_reg0_start" value="0x000FFFFC"/>
      <property id="config.bsp.fsp.mpu_reg0_end" value="0x000FFFFF"/>
      <property id="config.bsp.fsp.mpu_reg1_enable" value="config.bsp.fsp.mpu_reg1_enable.disabled"/>
      <property id="config.bsp.fsp.mpu_reg1_start" value="0x200FFFFC"/>
      <property id="config.bsp.fsp.mpu_reg1_end" value="0x200FFFFF"/>
      <property id="config.bsp.fsp.mpu_reg2_enable" value="config.bsp.fsp.mpu_reg2_enable.disabled"/>
      <property id="config.bsp.fsp.mpu_reg2_start" value="0x407FFFFC"/>
      <property id="config.bsp.fsp.mpu_reg2_end" value="0x407FFFFF"/>
      <property id="config.bsp.fsp.mpu_reg3_enable" value="config.bsp.fsp.mpu_reg3_enable.disabled"/>
      <property id="config.bsp.fsp.mpu_reg3_start" value="0x400DFFFC"/>
      <property id="config.bsp.fsp.mpu_reg3_end" value="0x400DFFFF"/>
      <property id="config.bsp.fsp.mcu.adc.max_freq_hz" value="32000000"/>
    </config>
    <config id="config.bsp.ra">
      <property id="config.bsp.common.main" value="0x400"/>
      <property id="config.bsp.common.heap" value="0x400"/>
      <property id="config.bsp.common.vcc" value="3300"/>
      <property id="config.bsp.common.checking" value="config.bsp.common.checking.enabled"/>
      <property id="config.bsp.common.assert" value="config.bsp.common.assert.none"/>
      <property id="config.bsp.common.error_log" value="config.bsp.common.error_log.none"/>
      <property id="config.bsp.common.id_mode" value="config.bsp.common.id_mode.unlocked"/>
      <property id="config.bsp.common.id_code" value="FFFFFFFFFFFFFFFFFFFFFFFFFFFFFFFF"/>
      <property id="config.bsp.common.soft_reset" value="config.bsp.common.soft_reset.disabled"/>
      <property id="config.bsp.common.pfs_protect" value="config.bsp.common.pfs_protect.enabled"/>
      <property id="config.bsp.common.main_osc_wait" value="config.bsp.common.main_osc_wait.wait_8163"/>
      <property id="config.bsp.common.main_osc_clock_source" value="config.bsp.common.main_osc_clock_source.crystal"/>
      <property id="config.bsp.common.subclock_populated" value="config.bsp.common.subclock_populated.enabled"/>
      <property id="config.bsp.common.subclock_drive" value="config.bsp.common.subclock_drive.standard"/>
      <property id="config.bsp.common.subclock_stabilization_ms" value="1000"/>
      <property id="config.bsp.common.id1" value=""/>
      <property id="config.bsp.common.id2" value=""/>
      <property id="config.bsp.common.id3" value=""/>
      <property id="config.bsp.common.id4" value=""/>
      <property id="config.bsp.common.id_fixed" value=""/>
    </config>
  </raBspConfiguration>
  <raClockConfiguration>
    <node id="board.clock.xtal.freq" mul="16000000" option="_edit"/>
    <node id="board.clock.hoco.freq" option="board.clock.hoco.freq.48m"/>
    <node id="board.clock.loco.freq" option="board.clock.loco.freq.32768"/>
    <node id="board.clock.moco.freq" option="board.clock.moco.freq.8m"/>
    <node id="board.clock.subclk.freq" option="board.clock.subclk.freq.32768"/>
    <node id="board.clock.clock.source" option="board.clock.clock.source.hoco"/>
    <node id="board.clock.iclk.div" option="board.clock.iclk.div.1"/>
    <node id="board.clock.iclk.display" option="board.clock.iclk.display.value"/>
    <node id="board.clock.pclkb.div" option="board.clock.pclkb.div.2"/>
    <node id="board.clock.pclkb.display" option="board.clock.pclkb.display.value"/>
    <node id="board.clock.pclkd.div" option="board.clock.pclkd.div.1"/>
    <node id="board.clock.pclkd.display" option="board.clock.pclkd.display.value"/>
    <node id="board.clock.fclk.div" option="board.clock.fclk.div.2"/>
    <node id="board.clock.fclk.display" option="board.clock.fclk.display.value"/>
    <node id="board.clock.uclk.display" option="board.clock.uclk.display.value"/>
    <node id="board.clock.sdadcclk.source" option="board.clock.sdadcclk.source.hoco"/>
    <node id="board.clock.sdadcclk.div" option="board.clock.sdadcclk.div.12"/>
    <node id="board.clock.sdadcclk.display" option="board.clock.sdadcclk.display.value"/>
    <node id="board.clock.clkout.source" option="board.clock.clkout.source.disabled"/>
    <node id="board.clock.clkout.div" option="board.clock.clkout.div.1"/>
    <node id="board.clock.clkout.display" option="board.clock.clkout.display.value"/>
  </raClockConfiguration>
  <raComponentSelection>
    <component apiversion="" class="CMSIS" condition="" group="CMSIS5" subgroup="CoreM" variant="" vendor="Arm" version="5.5.1">
      <description>Arm CMSIS Version 5 - Core (M)</description>
      <originalPack>Arm.CMSIS5.5.5.1.pack</originalPack>
    </component>
    <component apiversion="" class="HAL Drivers" condition="" group="all" subgroup="r_agt" variant="" vendor="Renesas" version="0.8.0">
      <description>Asynchronous General Purpose Timer</description>
      <originalPack>Renesas.RA.0.8.0.pack</originalPack>
    </component>
    <component apiversion="" class="HAL Drivers" condition="" group="all" subgroup="r_icu" variant="" vendor="Renesas" version="0.8.0">
      <description>External Interrupt</description>
      <originalPack>Renesas.RA.0.8.0.pack</originalPack>
    </component>
    <component apiversion="" class="HAL Drivers" condition="" group="all" subgroup="r_ioport" variant="" vendor="Renesas" version="0.8.0">
      <description>I/O Port</description>
      <originalPack>Renesas.RA.0.8.0.pack</originalPack>
    </component>
    <component apiversion="" class="Common" condition="" group="all" subgroup="fsp_common" variant="" vendor="Renesas" version="0.8.0">
      <description>Board Support Package Common Files</description>
      <originalPack>Renesas.RA.0.8.0.pack</originalPack>
    </component>
    <component apiversion="" class="BSP" condition="" group="Board" subgroup="ra2a1_ek" variant="" vendor="Renesas" version="0.8.0">
      <description>RA2A1-EK Board Support Files</description>
      <originalPack>Renesas.RA_board_ra2a1_ek.0.8.0.pack</originalPack>
    </component>
    <component apiversion="" class="BSP" condition="" group="ra2a1" subgroup="device" variant="R7FA2A1AB3CFM" vendor="Renesas" version="0.8.0">
      <description>Board support package for R7FA2A1AB3CFM</description>
      <originalPack>Renesas.RA_mcu_ra2a1.0.8.0.pack</originalPack>
    </component>
    <component apiversion="" class="BSP" condition="" group="ra2a1" subgroup="device" variant="" vendor="Renesas" version="0.8.0">
      <description>Board support package for RA2A1</description>
      <originalPack>Renesas.RA_mcu_ra2a1.0.8.0.pack</originalPack>
    </component>
    <component apiversion="" class="BSP" condition="" group="ra2a1" subgroup="fsp" variant="" vendor="Renesas" version="0.8.0">
      <description>Board support package for RA2A1</description>
      <originalPack>Renesas.RA_mcu_ra2a1.0.8.0.pack</originalPack>
    </component>
  </raComponentSelection>
  <raIcuConfiguration/>
  <raModuleConfiguration>
    <module id="module.driver.ioport_on_ioport.0">
      <property id="module.driver.ioport.name" value="g_ioport"/>
      <property id="module.driver.ioport.elc_trigger_ioport1" value="_disabled"/>
      <property id="module.driver.ioport.elc_trigger_ioport2" value="_disabled"/>
      <property id="module.driver.ioport.elc_trigger_ioport3" value="_disabled"/>
      <property id="module.driver.ioport.elc_trigger_ioport4" value="_disabled"/>
    </module>
    <module id="module.driver.timer_on_agt.796613857">
      <property id="module.driver.timer.name" value="g_timer_one_shot"/>
      <property id="module.driver.timer.channel" value="0"/>
      <property id="module.driver.timer.mode" value="module.driver.timer.mode.mode_one_shot"/>
      <property id="module.driver.timer.period" value="32768"/>
      <property id="module.driver.timer.unit" value="module.driver.timer.unit.unit_period_raw_counts"/>
      <property id="module.driver.timer.duty_cycle" value="0"/>
      <property id="module.driver.timer.count_source" value="module.driver.timer.count_source.clock_loco"/>
      <property id="module.driver.timer.agtoa_output_enable" value="module.driver.timer.agtoa_output_enable.false"/>
      <property id="module.driver.timer.agtob_output_enable" value="module.driver.timer.agtob_output_enable.false"/>
      <property id="module.driver.timer.agto_output_enabled" value="module.driver.timer.agto_output_enabled.false"/>
      <property id="module.driver.timer.measurement_mode" value="module.driver.timer.measurement_mode.measure_disabled"/>
      <property id="module.driver.timer.agtio_filter" value="module.driver.timer.agtio_filter.agtio_filter_none"/>
      <property id="module.driver.timer.enable_pin" value="module.driver.timer.enable_pin.enable_pin_not_used"/>
      <property id="module.driver.timer.trigger_edge" value="module.driver.timer.trigger_edge.trigger_edge_rising"/>
      <property id="module.driver.timer.p_callback" value="one_shot_timer_callback"/>
      <property id="module.driver.timer.ipl" value="board.icu.common.irq.priority2"/>
    </module>
    <module id="module.driver.timer_on_agt.1312358505">
      <property id="module.driver.timer.name" value="g_timer_periodic"/>
      <property id="module.driver.timer.channel" value="1"/>
      <property id="module.driver.timer.mode" value="module.driver.timer.mode.mode_periodic"/>
      <property id="module.driver.timer.period" value="32768"/>
      <property id="module.driver.timer.unit" value="module.driver.timer.unit.unit_period_raw_counts"/>
      <property id="module.driver.timer.duty_cycle" value="0"/>
      <property id="module.driver.timer.count_source" value="module.driver.timer.count_source.clock_loco"/>
      <property id="module.driver.timer.agtoa_output_enable" value="module.driver.timer.agtoa_output_enable.false"/>
      <property id="module.driver.timer.agtob_output_enable" value="module.driver.timer.agtob_output_enable.false"/>
      <property id="module.driver.timer.agto_output_enabled" value="module.driver.timer.agto_output_enabled.false"/>
      <property id="module.driver.timer.measurement_mode" value="module.driver.timer.measurement_mode.measure_disabled"/>
      <property id="module.driver.timer.agtio_filter" value="module.driver.timer.agtio_filter.agtio_filter_none"/>
      <property id="module.driver.timer.enable_pin" value="module.driver.timer.enable_pin.enable_pin_not_used"/>
      <property id="module.driver.timer.trigger_edge" value="module.driver.timer.trigger_edge.trigger_edge_rising"/>
      <property id="module.driver.timer.p_callback" value="periodic_timer_callback"/>
      <property id="module.driver.timer.ipl" value="board.icu.common.irq.priority2"/>
    </module>
    <module id="module.driver.external_irq_on_icu.1268548345">
      <property id="module.driver.external_irq.name" value="g_external_irq"/>
      <property id="module.driver.external_irq.channel" value="6"/>
      <property id="module.driver.external_irq.trigger" value="module.driver.external_irq.trigger.trig_falling"/>
      <property id="module.driver.external_irq.filter_enable" value="module.driver.external_irq.filter_enable.true"/>
      <property id="module.driver.external_irq.pclk_div" value="module.driver.external_irq.pclk_div.pclk_div_by_64"/>
      <property id="module.driver.external_irq.p_callback" value="ext_irq_callback"/>
      <property id="module.driver.external_irq.ipl" value="board.icu.common.irq.priority2"/>
    </module>
    <context id="_hal.0">
      <stack module="module.driver.ioport_on_ioport.0"/>
      <stack module="module.driver.timer_on_agt.796613857"/>
      <stack module="module.driver.timer_on_agt.1312358505"/>
      <stack module="module.driver.external_irq_on_icu.1268548345"/>
    </context>
    <config id="config.driver.ioport">
      <property id="config.driver.ioport.checking" value="config.driver.ioport.checking.system"/>
    </config>
    <config id="config.driver.agt">
      <property id="config.driver.agt.param_checking_enable" value="config.driver.agt.param_checking_enable.bsp"/>
      <property id="config.driver.agt.output_support_enable" value="config.driver.agt.output_support_enable.disabled"/>
      <property id="config.driver.agt.input_support_enable" value="config.driver.agt.input_support_enable.disabled"/>
    </config>
    <config id="config.driver.icu">
      <property id="config.driver.icu.param_checking_enable" value="config.driver.icu.param_checking_enable.bsp"/>
    </config>
  </raModuleConfiguration>
  <raPinConfiguration>
    <pincfg active="true" name="RA2A1-EK.pincfg" symbol="g_bsp_pin_cfg"/>
  </raPinConfiguration>
</raConfiguration>
