<?xml version="1.0" encoding="UTF-8" standalone="no"?>
<raConfiguration version="6">
  <generalSettings>
    <option key="#Board#" value="board.ra4m2ek" />
    <option key="CPU" value="RA4M2" />
    <option key="#TargetName#" value="R7FA4M2AD3CFP" />
    <option key="#TargetARCHITECTURE#" value="cortex-m33" />
    <option key="#DeviceCommand#" value="R7FA4M2AD" />
    <option key="#RTOS#" value="_none" />
    <option key="#pinconfiguration#" value="R7FA4M2AD3CFP.pincfg" />
    <option key="#FSPVersion#" value="4.1.0" />
    <option key="#ConfigurationFragments#" value="Renesas##BSP##Board##ra4m2_ek##" />
    <option key="#SELECTED_TOOLCHAIN#" value="iar.arm.toolchain" />
  </generalSettings>
  <raBspConfiguration>
    <config id="config.bsp.ra4m2.R7FA4M2AD3CFP">
      <property id="config.bsp.part_number" value="config.bsp.part_number.value" />
      <property id="config.bsp.rom_size_bytes" value="config.bsp.rom_size_bytes.value" />
      <property id="config.bsp.rom_size_bytes_hidden" value="524288" />
      <property id="config.bsp.ram_size_bytes" value="config.bsp.ram_size_bytes.value" />
      <property id="config.bsp.data_flash_size_bytes" value="config.bsp.data_flash_size_bytes.value" />
      <property id="config.bsp.package_style" value="config.bsp.package_style.value" />
      <property id="config.bsp.package_pins" value="config.bsp.package_pins.value" />
    </config>
    <config id="config.bsp.ra4m2">
      <property id="config.bsp.series" value="config.bsp.series.value" />
    </config>
    <config id="config.bsp.ra4m2.fsp">
      <property id="config.bsp.fsp.tz.exception_response" value="config.bsp.fsp.tz.exception_response.nmi" />
      <property id="config.bsp.fsp.tz.cmsis.bfhfnmins" value="config.bsp.fsp.tz.cmsis.bfhfnmins.secure" />
      <property id="config.bsp.fsp.tz.cmsis.sysresetreqs" value="config.bsp.fsp.tz.cmsis.sysresetreqs.secure_only" />
      <property id="config.bsp.fsp.tz.cmsis.s_priority_boost" value="config.bsp.fsp.tz.cmsis.s_priority_boost.disabled" />
      <property id="config.bsp.fsp.tz.csar" value="config.bsp.fsp.tz.csar.both" />
      <property id="config.bsp.fsp.tz.rstsar" value="config.bsp.fsp.tz.rstsar.both" />
      <property id="config.bsp.fsp.tz.bbfsar" value="config.bsp.fsp.tz.bbfsar.both" />
      <property id="config.bsp.fsp.tz.sramsar.sramprcr" value="config.bsp.fsp.tz.sramsar.sramprcr.both" />
      <property id="config.bsp.fsp.tz.sramsar.sramecc" value="config.bsp.fsp.tz.sramsar.sramecc.both" />
      <property id="config.bsp.fsp.tz.stbramsar" value="config.bsp.fsp.tz.stbramsar.both" />
      <property id="config.bsp.fsp.tz.bussara" value="config.bsp.fsp.tz.bussara.both" />
      <property id="config.bsp.fsp.tz.bussarb" value="config.bsp.fsp.tz.bussarb.both" />
      <property id="config.bsp.fsp.cache_line_size" value="config.bsp.fsp.cache_line_size.32" />
      <property id="config.bsp.fsp.OFS0.iwdt_start_mode" value="config.bsp.fsp.OFS0.iwdt_start_mode.disabled" />
      <property id="config.bsp.fsp.OFS0.iwdt_timeout" value="config.bsp.fsp.OFS0.iwdt_timeout.2048" />
      <property id="config.bsp.fsp.OFS0.iwdt_divisor" value="config.bsp.fsp.OFS0.iwdt_divisor.128" />
      <property id="config.bsp.fsp.OFS0.iwdt_window_end" value="config.bsp.fsp.OFS0.iwdt_window_end.0" />
      <property id="config.bsp.fsp.OFS0.iwdt_window_start" value="config.bsp.fsp.OFS0.iwdt_window_start.100" />
      <property id="config.bsp.fsp.OFS0.iwdt_reset_interrupt" value="config.bsp.fsp.OFS0.iwdt_reset_interrupt.Reset" />
      <property id="config.bsp.fsp.OFS0.iwdt_stop_control" value="config.bsp.fsp.OFS0.iwdt_stop_control.stops" />
      <property id="config.bsp.fsp.OFS0.wdt_start_mode" value="config.bsp.fsp.OFS0.wdt_start_mode.register" />
      <property id="config.bsp.fsp.OFS0.wdt_timeout" value="config.bsp.fsp.OFS0.wdt_timeout.16384" />
      <property id="config.bsp.fsp.OFS0.wdt_divisor" value="config.bsp.fsp.OFS0.wdt_divisor.128" />
      <property id="config.bsp.fsp.OFS0.wdt_window_end" value="config.bsp.fsp.OFS0.wdt_window_end.0" />
      <property id="config.bsp.fsp.OFS0.wdt_window_start" value="config.bsp.fsp.OFS0.wdt_window_start.100" />
      <property id="config.bsp.fsp.OFS0.wdt_reset_interrupt" value="config.bsp.fsp.OFS0.wdt_reset_interrupt.Reset" />
      <property id="config.bsp.fsp.OFS0.wdt_stop_control" value="config.bsp.fsp.OFS0.wdt_stop_control.stops" />
      <property id="config.bsp.fsp.OFS1.voltage_detection0.start" value="config.bsp.fsp.OFS1.voltage_detection0.start.disabled" />
      <property id="config.bsp.fsp.OFS1.voltage_detection0_level" value="config.bsp.fsp.OFS1.voltage_detection0_level.280" />
      <property id="config.bsp.fsp.OFS1.hoco_osc" value="config.bsp.fsp.OFS1.hoco_osc.disabled" />
      <property id="config.bsp.fsp.BPS.BPS0" value="" />
      <property id="config.bsp.fsp.PBPS.PBPS0" value="" />
      <property id="config.bsp.fsp.hoco_fll" value="config.bsp.fsp.hoco_fll.disabled" />
      <property id="config.bsp.common.main_osc_wait" value="config.bsp.common.main_osc_wait.wait_8163" />
      <property id="config.bsp.fsp.mcu.adc.max_freq_hz" value="50000000" />
      <property id="config.bsp.fsp.mcu.sci_uart.max_baud" value="20000000" />
      <property id="config.bsp.fsp.mcu.adc.sample_and_hold" value="0" />
      <property id="config.bsp.fsp.mcu.sci_spi.max_bitrate" value="25000000" />
      <property id="config.bsp.fsp.mcu.spi.max_bitrate" value="50000000" />
      <property id="config.bsp.fsp.mcu.iic_master.rate.rate_fastplus" value="1" />
    </config>
    <config id="config.bsp.ra">
      <property id="config.bsp.common.main" value="0x400" />
      <property id="config.bsp.common.heap" value="0x400" />
      <property id="config.bsp.common.vcc" value="3300" />
      <property id="config.bsp.common.checking" value="config.bsp.common.checking.enabled" />
      <property id="config.bsp.common.assert" value="config.bsp.common.assert.none" />
      <property id="config.bsp.common.error_log" value="config.bsp.common.error_log.none" />
      <property id="config.bsp.common.soft_reset" value="config.bsp.common.soft_reset.disabled" />
      <property id="config.bsp.common.main_osc_populated" value="config.bsp.common.main_osc_populated.enabled" />
      <property id="config.bsp.common.pfs_protect" value="config.bsp.common.pfs_protect.enabled" />
      <property id="config.bsp.common.c_runtime_init" value="config.bsp.common.c_runtime_init.enabled" />
      <property id="config.bsp.common.main_osc_clock_source" value="config.bsp.common.main_osc_clock_source.crystal" />
      <property id="config.bsp.common.subclock_populated" value="config.bsp.common.subclock_populated.enabled" />
      <property id="config.bsp.common.subclock_drive" value="config.bsp.common.subclock_drive.standard" />
      <property id="config.bsp.common.subclock_stabilization_ms" value="1000" />
    </config>
  </raBspConfiguration>
  <raComponentSelection>
    <component apiversion="" class="Common" condition="" group="all" subgroup="fsp_common" variant="" vendor="Renesas" version="4.1.0">
      <description>Board Support Package Common Files</description>
      <originalPack>Renesas.RA.4.1.0.pack</originalPack>
    </component>
    <component apiversion="" class="HAL Drivers" condition="" group="all" subgroup="r_ioport" variant="" vendor="Renesas" version="4.1.0">
      <description>I/O Port</description>
      <originalPack>Renesas.RA.4.1.0.pack</originalPack>
    </component>
    <component apiversion="" class="CMSIS" condition="" group="CMSIS5" subgroup="CoreM" variant="" vendor="Arm" version="5.9.0+renesas.0.fsp.4.1.0">
      <description>Arm CMSIS Version 5 - Core (M)</description>
      <originalPack>Arm.CMSIS5.5.9.0+renesas.0.fsp.4.1.0.pack</originalPack>
    </component>
    <component apiversion="" class="BSP" condition="" group="Board" subgroup="ra4m2_ek" variant="" vendor="Renesas" version="4.1.0">
      <description>RA4M2-EK Board Support Files</description>
      <originalPack>Renesas.RA_board_ra4m2_ek.4.1.0.pack</originalPack>
    </component>
    <component apiversion="" class="BSP" condition="" group="ra4m2" subgroup="device" variant="R7FA4M2AD3CFP" vendor="Renesas" version="4.1.0">
      <description>Board support package for R7FA4M2AD3CFP</description>
      <originalPack>Renesas.RA_mcu_ra4m2.4.1.0.pack</originalPack>
    </component>
    <component apiversion="" class="BSP" condition="" group="ra4m2" subgroup="device" variant="" vendor="Renesas" version="4.1.0">
      <description>Board support package for RA4M2</description>
      <originalPack>Renesas.RA_mcu_ra4m2.4.1.0.pack</originalPack>
    </component>
    <component apiversion="" class="BSP" condition="" group="ra4m2" subgroup="fsp" variant="" vendor="Renesas" version="4.1.0">
      <description>Board support package for RA4M2 - FSP Data</description>
      <originalPack>Renesas.RA_mcu_ra4m2.4.1.0.pack</originalPack>
    </component>
  </raComponentSelection>
  <raElcConfiguration />
  <raIcuConfiguration />
  <raModuleConfiguration>
    <module id="module.driver.ioport_on_ioport.0">
      <property id="module.driver.ioport.name" value="g_ioport" />
      <property id="module.driver.ioport.elc_trigger_ioport1" value="_disabled" />
      <property id="module.driver.ioport.elc_trigger_ioport2" value="_disabled" />
      <property id="module.driver.ioport.elc_trigger_ioport3" value="_disabled" />
      <property id="module.driver.ioport.elc_trigger_ioport4" value="_disabled" />
    </module>
    <context id="_hal.0">
      <stack module="module.driver.ioport_on_ioport.0" />
      <stack module="module.driver.timer_on_agt.247759834" />
      <stack module="module.driver.timer_on_agt.473158221" />
    </context>
    <config id="config.driver.ioport">
      <property id="config.driver.ioport.checking" value="config.driver.ioport.checking.system" />
    </config>
  </raModuleConfiguration>
  <raPinConfiguration>
    <symbolicName propertyId="p000.symbolic_name" value="ARDUINO_A0_MIKROBUS_AN" />
    <symbolicName propertyId="p001.symbolic_name" value="ARDUINO_A1" />
    <symbolicName propertyId="p002.symbolic_name" value="GROVE2_AN1" />
    <symbolicName propertyId="p003.symbolic_name" value="ARDUINO_A2" />
    <symbolicName propertyId="p004.symbolic_name" value="GROVE2_AN2" />
    <symbolicName propertyId="p005.symbolic_name" value="SW1" />
    <symbolicName propertyId="p006.symbolic_name" value="SW2" />
    <symbolicName propertyId="p007.symbolic_name" value="ARDUINO_A3" />
    <symbolicName propertyId="p008.symbolic_name" value="PMOD1_INT" />
    <symbolicName propertyId="p014.symbolic_name" value="ARDUINO_A4" />
    <symbolicName propertyId="p015.symbolic_name" value="ARDUINO_A5" />
    <symbolicName propertyId="p100.symbolic_name" value="ARDUINO_RX_MIKROBUS_RX" />
    <symbolicName propertyId="p101.symbolic_name" value="ARDUINO_TX_MIKROBUS_TX" />
    <symbolicName propertyId="p102.symbolic_name" value="ARDUINO_D8" />
    <symbolicName propertyId="p103.symbolic_name" value="ARDUINO_D6" />
    <symbolicName propertyId="p104.symbolic_name" value="QSPI_IO2" />
    <symbolicName propertyId="p105.symbolic_name" value="ARDUINO_D3" />
    <symbolicName propertyId="p106.symbolic_name" value="ARDUINO_D4" />
    <symbolicName propertyId="p107.symbolic_name" value="ARDUINO_D7" />
    <symbolicName propertyId="p111.symbolic_name" value="ARDUINO_D5_MIKROBUS_PWM" />
    <symbolicName propertyId="p112.symbolic_name" value="ARDUINO_SDA_MIKROBUS_SDA" />
    <symbolicName propertyId="p113.symbolic_name" value="ARDUINO_SCL_MIKROBUS_SCL" />
    <symbolicName propertyId="p114.symbolic_name" value="ARDUINO_D9" />
    <symbolicName propertyId="p115.symbolic_name" value="ARDUINO_RST_MIKROBUS_RST" />
    <symbolicName propertyId="p206.symbolic_name" value="PMOD1_MISO" />
    <symbolicName propertyId="p207.symbolic_name" value="PMOD1_MOSI" />
    <symbolicName propertyId="p304.symbolic_name" value="ARDUINO_D2" />
    <symbolicName propertyId="p305.symbolic_name" value="QSPI_CLK" />
    <symbolicName propertyId="p306.symbolic_name" value="QSPI_CS" />
    <symbolicName propertyId="p307.symbolic_name" value="QSPI_IO0" />
    <symbolicName propertyId="p400.symbolic_name" value="PMOD1_CLK" />
    <symbolicName propertyId="p401.symbolic_name" value="PMOD1_SS" />
    <symbolicName propertyId="p402.symbolic_name" value="PMOD1_IO1" />
    <symbolicName propertyId="p403.symbolic_name" value="PMOD1_RST" />
    <symbolicName propertyId="p404.symbolic_name" value="LED2" />
    <symbolicName propertyId="p405.symbolic_name" value="LED3" />
    <symbolicName propertyId="p406.symbolic_name" value="PMOD1_IO2" />
    <symbolicName propertyId="p408.symbolic_name" value="GROVE1_SCL_QWIIC_SCL" />
    <symbolicName propertyId="p409.symbolic_name" value="GROVE1_SDA_QWIIC_SDA" />
    <symbolicName propertyId="p413.symbolic_name" value="PMOD2_SS1" />
    <symbolicName propertyId="p414.symbolic_name" value="PMOD2_INT" />
    <symbolicName propertyId="p415.symbolic_name" value="LED1" />
    <symbolicName propertyId="p502.symbolic_name" value="MIKROBUS_INT" />
    <symbolicName propertyId="p503.symbolic_name" value="QSPI_IO1" />
    <symbolicName propertyId="p505.symbolic_name" value="QSPI_IO3" />
    <symbolicName propertyId="p600.symbolic_name" value="ARDUINO_CLK_MIKROBUS_CLK" />
    <symbolicName propertyId="p601.symbolic_name" value="ARDUINO_MISO_MIKROBUS_MISO" />
    <symbolicName propertyId="p602.symbolic_name" value="ARDUINO_MOSI_MIKROBUS_MOSI" />
    <symbolicName propertyId="p603.symbolic_name" value="ARDUINO_SS_MIKROBUS_SS" />
    <symbolicName propertyId="p608.symbolic_name" value="PMOD2_RST" />
    <symbolicName propertyId="p609.symbolic_name" value="PMOD2_IO1" />
    <symbolicName propertyId="p610.symbolic_name" value="PMOD2_IO2" />
    <pincfg active="true" name="RA4M2 EK" selected="true" symbol="g_bsp_pin_cfg">
      <configSetting altId="adc0.mode.custom" configurationId="adc0.mode" />
      <configSetting altId="cgc0.mode.custom" configurationId="cgc0.mode" />
      <configSetting altId="debug0.mode.jtag" configurationId="debug0.mode" />
      <configSetting altId="gpt3.mode.gtiocaorgtiocb.free" configurationId="gpt3.mode" />
      <configSetting altId="p415.output.low" configurationId="p415" />
      <configSetting altId="p415.gpio_mode.gpio_mode_out.low" configurationId="p415.gpio_mode" />
      <configSetting altId="qspi0.mode.custom.free" configurationId="qspi0.mode" />
      <configSetting altId="qspi0.pairing.free" configurationId="qspi0.pairing" />
      <configSetting altId="sci0.mode.custom.free" configurationId="sci0.mode" />
      <configSetting altId="sci2.mode.iic.b" configurationId="sci2.mode" />
      <configSetting altId="sci2.pairing.b" configurationId="sci2.pairing" />
      <configSetting altId="sci3.mode.iic.free" configurationId="sci3.mode" />
      <configSetting altId="sci4.mode.spi.free" configurationId="sci4.mode" />
      <configSetting altId="sci9.mode.spi.c" configurationId="sci9.mode" />
      <configSetting altId="sci9.pairing.c" configurationId="sci9.pairing" />
      <configSetting altId="spi0.pairing.free" configurationId="spi0.pairing" />
    </pincfg>
    <pincfg active="false" name="R7FA4M2AD3CFP.pincfg" selected="false" symbol="">
      <configSetting altId="debug0.mode.jtag" configurationId="debug0.mode" />
    </pincfg>
  </raPinConfiguration>
</raConfiguration>